Event ID,Local Hits,Feed Hits,Recent Hits,Tags,Alert Sent
1430,1,0,0,[],False
1431,1,0,0,[],False
1432,1,0,0,[],False
1433,1,0,0,[],False
1434,1,0,0,[],False
1435,1,0,0,[],False
1436,1,0,0,[],False
1437,1,0,0,[],False
1438,1,0,0,[],False
1439,1,0,0,[],False
1440,1,0,0,[],False
1441,1,0,0,[],False
1442,1,0,0,[],False
1443,1,0,0,[],False
1444,2,0,0,[],False
1445,1,0,0,[],False
1446,3,0,0,[],False
1447,1,0,0,[],False
1448,1,0,0,[],False
1449,2,0,0,[],False
1450,3,0,0,[],False
1451,1,0,0,[],False
1452,1,0,0,[],False
1453,1,0,0,[],False
1454,1,0,0,[],False
1455,1,0,0,[],False
1456,1,0,0,[],False
1457,4,0,0,[],False
1458,5,0,0,[],False
1459,6,0,0,[],False
1460,7,0,0,[],False
1461,8,0,0,[],False
1462,9,0,0,[],False
1463,1,0,0,[],False
1464,10,0,0,[],False
1465,11,0,0,[],False
1466,12,0,0,[],False
1467,13,0,0,[],False
1468,1,0,0,[],False
1470,14,0,0,[],False
1471,15,0,0,[],False
1472,1,0,0,[],False
1473,1,0,0,[],False
1474,16,0,0,[],False
1475,17,0,0,[],False
1476,18,0,0,[],False
1477,19,0,0,[],False
1478,1,0,0,[],False
1479,1,0,0,[],False
1480,1,0,0,[],False
1481,1,0,0,[],False
1482,1,0,0,[],False
1483,1,0,0,[],False
1484,1,0,0,[],False
1485,1,0,0,[],False
1486,20,0,0,[],False
1487,1,0,0,[],False
1488,21,0,0,[],False
1489,1,0,0,[],False
1490,1,0,0,[],False
1491,1,0,0,[],False
1492,1,0,0,[],False
1493,1,0,0,[],False
1494,1,0,0,[],False
1495,1,0,0,[],False
1496,22,0,0,[],False
1497,1,0,0,[],False
1498,1,0,0,[],False
1499,23,0,0,[],False
1500,1,0,0,[],False
1501,1,0,0,[],False
1502,1,0,0,[],False
1503,1,0,0,[],False
1504,1,0,0,[],False
1505,1,0,0,[],False
1506,24,0,0,[],False
1507,1,0,0,[],False
1508,1,0,0,[],False
1509,25,0,0,[],False
1510,1,1,0,"['osint:certainty=""50""', 'tlp:white', 'osint:lifetime=""perpetual""', 'type:OSINT']",True
1511,1,0,0,[],False
1512,1,0,0,[],False
1513,1,0,0,[],False
1514,1,0,0,[],False
1515,4,0,0,[],False
1516,1,0,0,[],False
1517,1,0,0,[],False
1518,26,0,0,[],False
1519,2,0,0,[],False
1520,1,0,0,[],False
1521,27,0,0,[],False
1522,28,0,0,[],False
1523,1,0,0,[],False
1524,1,0,0,[],False
1525,1,0,0,[],False
1526,5,0,0,[],False
1527,2,0,0,[],False
1528,1,0,0,[],False
1529,1,0,0,[],False
1530,1,0,0,[],False
1531,1,1,0,"['osint:certainty=""50""', 'tlp:white', 'osint:lifetime=""perpetual""', 'type:OSINT']",True
1532,1,0,0,[],False
1533,1,0,0,[],False
1534,1,0,0,[],False
1535,1,0,0,[],False
1536,1,0,0,[],False
1537,1,0,0,[],False
1538,1,0,0,[],False
1539,1,0,0,[],False
1540,1,0,0,[],False
1541,1,0,0,[],False
1542,1,0,0,[],False
1543,1,0,0,[],False
1544,1,0,0,[],False
1545,1,0,0,[],False
1546,1,0,0,[],False
1547,1,0,0,[],False
1548,1,0,0,[],False
1549,1,0,0,[],False
1550,29,0,0,[],False
1551,30,0,0,[],False
1552,31,0,0,[],False
1553,32,0,0,[],False
1554,33,0,0,[],False
1555,34,0,0,[],False
1556,1,0,0,[],False
1557,1,0,0,[],False
1558,35,0,0,[],False
1559,36,0,0,[],False
1560,37,0,0,[],False
1561,1,0,0,[],False
1562,1,0,0,[],False
1563,1,0,0,[],False
1564,2,0,0,[],False
1565,3,0,0,[],False
1566,1,0,0,[],False
1567,1,0,0,[],False
1568,38,0,0,[],False
1569,39,0,0,[],False
1570,40,0,0,[],False
1571,1,1,1,"['osint:source-type=""block-or-filter-list""']",True
1572,1,0,0,[],False
1573,41,0,0,[],False
1574,42,0,0,[],False
1575,1,1,0,"['osint:certainty=""50""', 'tlp:white', 'osint:lifetime=""perpetual""', 'type:OSINT']",True
1576,1,0,0,[],False
1577,1,0,0,[],False
1578,43,0,0,[],False
1579,44,0,0,[],False
1580,1,1,0,"['tlp:white', 'osint:source-type=""technical-report""']",True
1581,1,0,0,[],False
1582,45,0,0,[],False
1583,46,0,0,[],False
1584,47,0,0,[],False
1585,1,0,0,[],False
1586,48,0,0,[],False
1587,49,0,0,[],False
1588,50,0,0,[],False
1589,51,0,0,[],False
1590,52,0,0,[],False
1591,53,0,0,[],False
1592,54,0,0,[],False
1593,55,0,0,[],False
1594,56,0,0,[],False
1595,57,0,0,[],False
1596,58,0,0,[],False
1597,2,0,0,[],False
1598,1,1,1,"['osint:source-type=""block-or-filter-list""']",True
1599,1,0,0,[],False
1600,1,1,0,"['tlp:white', 'osint:source-type=""technical-report""']",True
1601,1,0,0,[],False
1602,1,0,0,[],False
1603,2,1,0,"['osint:certainty=""50""', 'tlp:white', 'osint:lifetime=""perpetual""', 'type:OSINT']",True
1604,59,0,0,[],False
1605,60,0,0,[],False
1606,61,0,0,[],False
1607,62,0,0,[],False
1608,63,0,0,[],False
1609,64,0,0,[],False
1610,65,0,0,[],False
1611,66,0,0,[],False
1612,67,0,0,[],False
1613,2,1,1,"['osint:source-type=""block-or-filter-list""']",True
1614,1,0,0,[],False
1615,1,0,0,[],False
1616,3,0,0,[],False
1617,1,0,0,[],False
1618,2,0,0,[],False
1619,2,0,0,[],False
1620,3,1,1,"['osint:source-type=""block-or-filter-list""']",True
1621,1,0,0,[],False
1622,1,0,0,[],False
1623,1,0,0,[],False
1624,2,0,0,[],False
1625,1,0,0,[],False
1626,68,0,0,[],False
1627,69,0,0,[],False
1628,70,0,0,[],False
1629,71,0,0,[],False
1630,72,0,0,[],False
1631,73,0,0,[],False
1632,74,0,0,[],False
1633,75,0,0,[],False
1634,76,0,0,[],False
1635,77,0,0,[],False
1636,78,0,0,[],False
1638,79,0,0,[],False
1639,80,0,0,[],False
1640,81,0,0,[],False
1641,82,0,0,[],False
1642,83,0,0,[],False
1643,84,0,0,[],False
1644,2,0,0,[],False
1645,2,0,0,[],False
1646,2,0,0,[],False
1647,1,0,0,[],False
1648,85,0,0,[],False
1649,86,0,0,[],False
1650,87,0,0,[],False
1651,88,0,0,[],False
1652,1,0,0,[],False
1653,3,0,0,[],False
1654,1,0,0,[],False
1655,1,0,0,[],False
1656,1,0,0,[],False
1657,1,0,0,[],False
1658,3,0,0,[],False
1659,4,0,0,[],False
1660,1,2,0,"['tlp:white', 'type:OSINT']",True
1661,1,0,0,[],False
1662,4,0,0,[],False
1663,5,0,0,[],False
1664,1,0,0,[],False
1665,1,0,0,[],False
1666,2,0,0,[],False
1667,2,0,0,[],False
1668,1,0,0,[],False
1669,3,0,0,[],False
1670,1,0,0,[],False
1671,6,0,0,[],False
1672,1,0,0,[],False
1673,1,1,0,"['osint:certainty=""50""', 'tlp:white', 'osint:lifetime=""perpetual""', 'type:OSINT']",True
1675,5,0,0,[],False
1676,4,0,0,[],False
1677,1,0,0,[],False
1678,2,0,0,[],False
1679,1,1,0,"['type:OSINT', 'tlp:white', 'misp-galaxy:rat=""Netwire""', 'osint:lifetime=""perpetual""', 'osint:certainty=""50""']",True
1680,1,0,0,[],False
1681,4,0,0,[],False
1682,5,0,0,[],False
1683,2,0,0,[],False
1684,6,0,0,[],False
1685,3,0,0,[],False
1686,1,1,0,"['attack-pattern:name=""password brute forcing""', 'ms-caro-malware-full:malware-platform=""Linux""', 'circl:incident-classification=""malware""', 'tlp:white', 'maec-malware-capabilities:maec-malware-capability=""machine-access-control""', 'malware_classification:malware-category=""Botnet""', 'workflow:state=""ongoing""']",True
1687,2,0,0,[],False
1688,6,0,0,[],False
1689,7,0,0,[],False
1690,1,0,0,[],False
1691,8,0,0,[],False
1692,7,0,0,[],False
1693,1,0,0,[],False
1694,2,1,0,"['tlp:white', 'osint:source-type=""technical-report""']",True
1695,1,0,0,[],False
1696,1,0,0,[],False
1697,2,0,0,[],False
1698,89,0,0,[],False
1699,90,0,0,[],False
1700,91,0,0,[],False
1701,3,0,0,[],False
1702,92,0,0,[],False
1703,93,0,0,[],False
1704,94,0,0,[],False
1705,95,0,0,[],False
1706,96,0,0,[],False
1707,4,2,2,"['osint:source-type=""block-or-filter-list""']",True
1709,1,0,0,[],False
1710,97,0,0,[],False
1711,98,0,0,[],False
1712,1,0,0,[],False
1713,99,0,0,[],False
1714,100,0,0,[],False
1715,3,0,0,[],False
1716,9,0,0,[],False
1717,101,0,0,[],False
1718,102,0,0,[],False
1719,103,0,0,[],False
1720,104,0,0,[],False
1721,105,0,0,[],False
1722,106,0,0,[],False
1723,3,1,0,"['tlp:white', 'osint:source-type=""technical-report""']",True
1724,5,2,2,"['osint:source-type=""block-or-filter-list""']",True
1725,3,0,0,[],False
1726,107,0,0,[],False
1727,4,0,0,[],False
1728,3,0,0,[],False
1729,3,1,0,"['osint:certainty=""50""', 'tlp:white', 'osint:lifetime=""perpetual""', 'type:OSINT']",True
1730,108,0,0,[],False
1731,4,0,0,[],False
1732,8,0,0,[],False
1733,4,0,0,[],False
1734,109,0,0,[],False
1735,1,0,0,[],False
1736,110,0,0,[],False
1737,1,1,0,"['type:OSINT', 'tlp:white', 'misp-galaxy:rat=""Netwire""', 'osint:lifetime=""perpetual""', 'osint:certainty=""50""']",True
1738,10,0,0,[],False
1739,1,0,0,[],False
1740,1,2,0,"['tlp:white', 'type:OSINT']",True
1741,1,0,0,[],False
1742,1,0,0,[],False
1743,3,0,0,[],False
1744,1,1,0,"['attack-pattern:name=""password brute forcing""', 'ms-caro-malware-full:malware-platform=""Linux""', 'circl:incident-classification=""malware""', 'tlp:white', 'maec-malware-capabilities:maec-malware-capability=""machine-access-control""', 'malware_classification:malware-category=""Botnet""', 'workflow:state=""ongoing""']",True
1745,2,0,0,[],False
1746,5,0,0,[],False
1747,7,0,0,[],False
1748,2,0,0,[],False
1749,2,0,0,[],False
1750,6,2,2,"['osint:source-type=""block-or-filter-list""']",True
1751,2,0,0,[],False
1752,3,0,0,[],False
1753,3,0,0,[],False
1754,3,0,0,[],False
1755,11,0,0,[],False
1756,4,0,0,[],False
1757,12,0,0,[],False
1758,4,1,0,"['tlp:white', 'osint:source-type=""technical-report""']",True
1759,9,0,0,[],False
1760,4,0,0,[],False
1761,111,0,0,[],False
1762,13,0,0,[],False
1763,4,0,0,[],False
1764,5,0,0,[],False
1765,2,0,0,[],False
1766,112,0,0,[],False
1767,10,0,0,[],False
1768,113,0,0,[],False
1769,114,0,0,[],False
1770,115,0,0,[],False
1771,116,0,0,[],False
1772,117,0,0,[],False
1773,118,0,0,[],False
1774,5,0,0,[],False
1775,119,0,0,[],False
1776,120,0,0,[],False
1777,121,0,0,[],False
1778,122,0,0,[],False
1779,123,0,0,[],False
1780,124,0,0,[],False
1781,125,0,0,[],False
1782,126,0,0,[],False
1783,127,0,0,[],False
1784,14,0,0,[],False
1785,15,0,0,[],False
1786,11,0,0,[],False
1787,1,0,0,[],False
1788,2,1,0,"['osint:certainty=""50""', 'tlp:white', 'osint:lifetime=""perpetual""', 'type:OSINT']",True
1789,5,0,0,[],False
1790,4,0,0,[],False
1791,4,0,0,[],False
1792,1,0,0,[],False
1793,6,0,0,[],False
1794,3,0,0,[],False
1795,12,0,0,[],False
1796,5,0,0,[],False
1797,6,0,0,[],False
1798,1,0,0,[],False
1799,1,0,0,[],False
1800,2,0,0,[],False
1801,7,0,0,[],False
1802,6,0,0,[],False
1803,1,0,0,[],False
1804,1,0,0,[],False
1805,3,0,0,[],False
1806,1,0,0,[],False
1807,7,0,0,[],False
1808,4,0,0,[],False
1809,1,0,0,[],False
1810,13,0,0,[],False
1811,5,0,0,[],False
1812,1,0,0,[],False
1813,1,0,0,[],False
1814,1,0,0,[],False
1815,1,0,0,[],False
1816,1,0,0,[],False
1817,3,0,0,[],False
1818,6,0,0,[],False
1819,7,0,0,[],False
1820,128,0,0,[],False
1821,129,0,0,[],False
1822,1,0,0,[],False
1823,130,0,0,[],False
1824,131,0,0,[],False
1825,132,0,0,[],False
1826,133,0,0,[],False
1827,2,0,0,[],False
1828,3,0,0,[],False
1829,134,0,0,[],False
1830,135,0,0,[],False
1831,136,0,0,[],False
1832,137,0,0,[],False
1833,4,1,0,"['osint:certainty=""50""', 'tlp:white', 'osint:lifetime=""perpetual""', 'type:OSINT']",True
1834,138,0,0,[],False
1835,139,0,0,[],False
1836,1,0,0,[],False
1837,140,0,0,[],False
1838,141,0,0,[],False
1839,142,0,0,[],False
1840,143,0,0,[],False
1841,7,0,0,[],False
1842,144,0,0,[],False
1843,145,0,0,[],False
1844,146,0,0,[],False
1845,147,0,0,[],False
1846,148,0,0,[],False
1847,7,2,2,"['osint:source-type=""block-or-filter-list""']",True
1848,1,0,0,[],False
1849,1,0,0,[],False
1850,1,0,0,[],False
1851,8,0,0,[],False
1852,6,0,0,[],False
1853,16,0,0,[],False
1854,14,0,0,[],False
1855,5,0,0,[],False
1856,6,0,0,[],False
1857,3,1,0,"['osint:certainty=""50""', 'tlp:white', 'osint:lifetime=""perpetual""', 'type:OSINT']",True
1858,1,0,0,[],False
1859,15,0,0,[],False
1860,9,0,0,[],False
1861,7,0,0,[],False
1862,2,2,0,"['tlp:white', 'type:OSINT']",True
1863,2,1,0,"['type:OSINT', 'tlp:white', 'misp-galaxy:rat=""Netwire""', 'osint:lifetime=""perpetual""', 'osint:certainty=""50""']",True
1864,5,0,0,[],False
1865,16,0,0,[],False
1866,1,0,0,[],False
1867,1,0,0,[],False
1868,1,0,0,[],False
1869,3,0,0,[],False
1870,1,0,0,[],False
1871,2,0,0,[],False
1872,5,1,0,"['tlp:white', 'osint:source-type=""technical-report""']",True
1873,4,0,0,[],False
1874,1,0,0,[],False
1875,6,0,0,[],False
1876,17,0,0,[],False
1877,2,1,0,"['attack-pattern:name=""password brute forcing""', 'ms-caro-malware-full:malware-platform=""Linux""', 'circl:incident-classification=""malware""', 'tlp:white', 'maec-malware-capabilities:maec-malware-capability=""machine-access-control""', 'malware_classification:malware-category=""Botnet""', 'workflow:state=""ongoing""']",True
1878,1,0,0,[],False
1879,1,0,0,[],False
1880,6,0,0,[],False
1881,17,0,0,[],False
1882,2,0,0,[],False
1883,1,0,0,[],False
1884,1,0,0,[],False
1885,1,0,0,[],False
1886,1,0,0,[],False
1887,8,2,2,"['osint:source-type=""block-or-filter-list""']",True
1888,1,0,0,[],False
1889,18,0,0,[],False
1890,7,0,0,[],False
1891,1,0,0,[],False
1892,1,0,0,[],False
1893,1,0,0,[],False
1894,1,0,0,[],False
1895,1,0,0,[],False
1896,1,0,0,[],False
1897,2,0,0,[],False
1898,18,0,0,[],False
1899,1,0,0,[],False
1900,1,0,0,[],False
1901,1,0,0,[],False
1902,2,0,0,[],False
1903,1,0,0,[],False
1904,1,0,0,[],False
1905,1,0,0,[],False
1906,1,0,0,[],False
1907,1,0,0,[],False
1908,1,0,0,[],False
1909,10,0,0,[],False
1910,1,0,0,[],False
1911,1,0,0,[],False
1912,1,0,0,[],False
1913,1,0,0,[],False
1914,1,0,0,[],False
1915,1,0,0,[],False
1916,1,0,0,[],False
1917,1,0,0,[],False
1918,1,0,0,[],False
1919,1,0,0,[],False
1920,1,0,0,[],False
1921,1,0,0,[],False
1922,3,0,0,[],False
1923,1,0,0,[],False
1924,1,0,0,[],False
1925,2,0,0,[],False
1926,1,0,0,[],False
1927,1,0,0,[],False
1928,3,0,0,[],False
1929,1,0,0,[],False
1930,1,0,0,[],False
1931,1,0,0,[],False
1932,1,0,0,[],False
1933,2,0,0,[],False
1934,19,0,0,[],False
1935,4,0,0,[],False
1936,8,0,0,[],False
1937,19,0,0,[],False
1938,1,0,0,[],False
1939,1,0,0,[],False
1940,1,0,0,[],False
1941,149,0,0,[],False
1942,150,0,0,[],False
1943,151,0,0,[],False
1944,152,0,0,[],False
1945,153,0,0,[],False
1946,154,0,0,[],False
1947,155,0,0,[],False
1948,1,0,0,[],False
1949,20,0,0,[],False
1950,21,0,0,[],False
1951,9,2,2,"['osint:source-type=""block-or-filter-list""']",True
1952,1,0,0,[],False
1953,8,0,0,[],False
1954,1,0,0,[],False
1955,5,0,0,[],False
1956,156,0,0,[],False
1957,157,0,0,[],False
1958,158,0,0,[],False
1959,2,0,0,[],False
1960,1,0,0,[],False
1961,159,0,0,[],False
1962,160,0,0,[],False
1963,161,0,0,[],False
1964,162,0,0,[],False
1965,163,0,0,[],False
1966,164,0,0,[],False
1967,6,1,0,"['tlp:white', 'osint:source-type=""technical-report""']",True
1968,1,0,0,[],False
1969,1,0,0,[],False
1970,1,0,0,[],False
1971,3,0,0,[],False
1972,22,0,0,[],False
1973,1,0,0,[],False
1974,3,0,0,[],False
1975,1,0,0,[],False
1976,4,0,0,[],False
1977,5,0,0,[],False
1978,1,0,0,[],False
1979,1,0,0,[],False
1980,1,0,0,[],False
1981,3,0,0,[],False
1982,165,0,0,[],False
1983,166,0,0,[],False
1984,167,0,0,[],False
1985,23,0,0,[],False
1986,168,0,0,[],False
1987,5,1,0,"['osint:certainty=""50""', 'tlp:white', 'osint:lifetime=""perpetual""', 'type:OSINT']",True
1988,169,0,0,[],False
1989,170,0,0,[],False
1990,171,0,0,[],False
1991,7,0,0,[],False
1992,1,0,0,[],False
1993,172,0,0,[],False
1994,4,0,0,[],False
1995,173,0,0,[],False
1996,174,0,0,[],False
1997,175,0,0,[],False
1998,176,0,0,[],False
1999,177,0,0,[],False
2000,178,0,0,[],False
2001,179,0,0,[],False
2002,7,1,0,[],False
2003,10,2,2,"['osint:source-type=""block-or-filter-list""']",True
2004,180,0,0,[],False
2005,181,0,0,[],False
2006,1,0,0,[],False
2007,24,0,0,[],False
2008,1,0,0,[],False
2009,1,0,0,[],False
2010,182,0,0,[],False
2011,183,0,0,[],False
2012,1,0,0,[],False
2013,1,0,0,[],False
2014,1,0,0,[],False
2015,11,0,0,[],False
2016,3,2,0,"['tlp:white', 'type:OSINT']",True
2017,184,0,0,[],False
2018,1,0,0,[],False
2019,1,0,0,[],False
2020,1,0,0,[],False
2021,3,0,0,[],False
2022,1,0,0,[],False
2023,1,0,0,[],False
2024,1,0,0,[],False
2025,9,0,0,[],False
2026,1,0,0,[],False
2027,25,0,0,[],False
2028,8,1,0,[],False
2029,6,0,0,[],False
2030,5,0,0,[],False
2031,20,0,0,[],False
2032,11,2,2,"['osint:source-type=""block-or-filter-list""']",True
2033,26,0,0,[],False
2034,21,0,0,[],False
2035,12,0,0,[],False
2036,1,0,0,[],False
2037,27,0,0,[],False
2038,6,0,0,[],False
2039,9,0,0,[],False
2040,2,0,0,[],False
2041,1,0,0,[],False
2042,1,0,0,[],False
2043,1,0,0,[],False
2044,8,0,0,[],False
2045,22,0,0,[],False
2046,1,0,0,[],False
2047,2,0,0,[],False
2048,9,0,0,[],False
2049,1,0,0,[],False
2050,1,0,0,[],False
2051,2,0,0,[],False
2052,8,0,0,[],False
2053,2,0,0,[],False
2054,10,0,0,[],False
2055,3,0,0,[],False
2056,3,0,0,[],False
2057,7,0,0,[],False
2058,4,0,0,[],False
2059,5,0,0,[],False
2060,185,0,0,[],False
2061,186,0,0,[],False
2062,4,0,0,[],False
2063,5,0,0,[],False
2064,2,0,0,[],False
2065,187,0,0,[],False
2066,2,0,0,[],False
2067,188,0,0,[],False
2068,189,0,0,[],False
2069,190,0,0,[],False
2070,1,0,0,[],False
2071,191,0,0,[],False
2072,11,0,0,[],False
2073,192,0,0,[],False
2074,193,0,0,[],False
2075,23,0,0,[],False
2076,194,0,0,[],False
2077,7,0,0,[],False
2078,12,2,2,"['osint:source-type=""block-or-filter-list""']",True
2079,1,0,0,[],False
2080,1,0,0,[],False
2081,195,0,0,[],False
2082,1,0,0,[],False
2083,1,0,0,[],False
2084,1,0,0,[],False
2085,1,0,0,[],False
2086,196,0,0,[],False
2087,197,0,0,[],False
2088,1,0,0,[],False
2089,1,0,0,[],False
2090,1,0,0,[],False
2091,2,0,0,[],False
2092,1,0,0,[],False
2093,10,0,0,[],False
2094,198,0,0,[],False
2095,199,0,0,[],False
2096,6,0,0,[],False
2097,200,0,0,[],False
2098,201,0,0,[],False
2099,202,0,0,[],False
2100,12,0,0,[],False
2101,13,0,0,[],False
2102,11,0,0,[],False
2103,203,0,0,[],False
2104,204,0,0,[],False
2105,205,0,0,[],False
2106,206,0,0,[],False
2107,207,0,0,[],False
2108,208,0,0,[],False
2109,209,0,0,[],False
2110,210,0,0,[],False
2111,211,0,0,[],False
2112,212,0,0,[],False
2113,28,0,0,[],False
2114,4,0,0,[],False
2115,1,0,0,[],False
2116,1,0,0,[],False
2117,1,0,0,[],False
2118,1,0,0,[],False
2119,24,0,0,[],False
2120,1,0,0,[],False
2121,1,0,0,[],False
2122,1,0,0,[],False
2123,1,0,0,[],False
2124,1,0,0,[],False
2125,1,0,0,[],False
2126,1,0,0,[],False
2127,1,0,0,[],False
2128,1,0,0,[],False
2129,1,0,0,[],False
2130,1,0,0,[],False
2131,1,0,0,[],False
2132,1,0,0,[],False
2133,1,0,0,[],False
2134,4,1,0,"['osint:certainty=""50""', 'tlp:white', 'osint:lifetime=""perpetual""', 'type:OSINT']",True
2135,1,0,0,[],False
2136,1,0,0,[],False
2137,6,0,0,[],False
2138,1,0,0,[],False
2139,7,0,0,[],False
2140,1,0,0,[],False
2141,3,0,0,[],False
2142,8,0,0,[],False
2143,9,0,0,[],False
2144,14,0,0,[],False
2145,15,0,0,[],False
2146,4,0,0,[],False
2147,1,0,0,[],False
2148,16,0,0,[],False
2149,8,0,0,[],False
2150,213,0,0,[],False
2151,214,0,0,[],False
2152,215,0,0,[],False
2153,9,0,0,[],False
2154,6,1,0,"['osint:certainty=""50""', 'tlp:white', 'osint:lifetime=""perpetual""', 'type:OSINT']",True
2155,216,0,0,[],False
2156,217,0,0,[],False
2157,8,0,0,[],False
2158,218,0,0,[],False
2159,219,0,0,[],False
2160,13,2,2,"['osint:source-type=""block-or-filter-list""']",True
2161,1,0,0,[],False
2162,29,0,0,[],False
2163,12,0,0,[],False
2164,9,1,0,[],False
2165,25,0,0,[],False
2166,1,0,0,[],False
2167,7,0,0,[],False
2168,220,0,0,[],False
2169,221,0,0,[],False
2170,10,0,0,[],False
2171,3,0,0,[],False
2172,11,0,0,[],False
2173,13,0,0,[],False
2174,222,0,0,[],False
2175,223,0,0,[],False
2176,1,0,0,[],False
2177,5,1,0,"['osint:certainty=""50""', 'tlp:white', 'osint:lifetime=""perpetual""', 'type:OSINT']",True
2178,224,0,0,[],False
2179,1,0,0,[],False
2180,225,0,0,[],False
2181,1,0,0,[],False
2182,1,0,0,[],False
2183,1,0,0,[],False
2184,8,0,0,[],False
2185,1,0,0,[],False
2186,1,0,0,[],False
2187,5,0,0,[],False
2188,1,0,0,[],False
2189,1,0,0,[],False
2190,1,0,0,[],False
2191,10,0,0,[],False
2192,1,0,0,[],False
2193,1,0,0,[],False
2194,6,0,0,[],False
2195,30,0,0,[],False
2196,5,0,0,[],False
2197,4,0,0,[],False
2198,7,0,0,[],False
2199,1,0,0,[],False
2200,26,0,0,[],False
2201,1,0,0,[],False
2202,27,0,0,[],False
2203,10,0,0,[],False
2204,7,0,0,[],False
2205,12,0,0,[],False
2206,1,0,0,[],False
2207,1,0,0,[],False
2208,1,0,0,[],False
2209,226,0,0,[],False
2210,227,0,0,[],False
2211,228,0,0,[],False
2212,229,0,0,[],False
2213,3,0,0,[],False
2214,1,0,0,[],False
2215,1,0,0,[],False
2216,1,0,0,[],False
2217,28,0,0,[],False
2218,1,0,0,[],False
2219,230,0,0,[],False
2220,1,0,0,[],False
2221,231,0,0,[],False
2222,3,0,0,[],False
2223,1,0,0,[],False
2224,11,0,0,[],False
2225,31,0,0,[],False
2226,1,0,0,[],False
2227,232,0,0,[],False
2228,233,0,0,[],False
2229,234,0,0,[],False
2230,13,0,0,[],False
2231,14,0,0,[],False
2232,1,0,0,[],False
2233,235,0,0,[],False
2234,1,0,0,[],False
2235,29,0,0,[],False
2236,32,0,0,[],False
2237,8,0,0,[],False
2238,8,0,0,[],False
2239,1,0,0,[],False
2240,1,0,0,[],False
2241,1,0,0,[],False
2242,1,0,0,[],False
2243,1,0,0,[],False
2244,33,0,0,[],False
2245,14,2,2,"['osint:source-type=""block-or-filter-list""']",True
2246,236,0,0,[],False
2247,5,0,0,[],False
2248,237,0,0,[],False
2249,12,0,0,[],False
2250,2,0,0,[],False
2251,13,0,0,[],False
2252,1,0,0,[],False
2253,1,0,0,[],False
2254,1,0,0,[],False
2255,1,0,0,[],False
2256,1,0,0,[],False
2257,5,0,0,[],False
2258,4,2,0,"['tlp:white', 'type:OSINT']",True
2259,14,0,0,[],False
2260,3,1,0,"['attack-pattern:name=""password brute forcing""', 'ms-caro-malware-full:malware-platform=""Linux""', 'circl:incident-classification=""malware""', 'tlp:white', 'maec-malware-capabilities:maec-malware-capability=""machine-access-control""', 'malware_classification:malware-category=""Botnet""', 'workflow:state=""ongoing""']",True
2261,15,0,0,[],False
2262,3,1,0,"['type:OSINT', 'tlp:white', 'misp-galaxy:rat=""Netwire""', 'osint:lifetime=""perpetual""', 'osint:certainty=""50""']",True
2263,1,0,0,[],False
2264,2,0,0,[],False
2265,1,0,0,[],False
2266,1,0,0,[],False
2267,1,0,0,[],False
2268,1,0,0,[],False
2269,2,0,0,[],False
2270,1,0,0,[],False
2271,2,0,0,[],False
2272,1,0,0,[],False
2273,3,0,0,[],False
2274,2,0,0,[],False
2275,2,0,0,[],False
2276,1,0,0,[],False
2277,1,0,0,[],False
2278,4,0,0,[],False
2279,6,0,0,[],False
2280,1,0,0,[],False
2281,16,0,0,[],False
2282,10,1,0,[],False
2283,8,0,0,[],False
2284,30,0,0,[],False
2285,5,0,0,[],False
2286,15,2,2,"['osint:source-type=""block-or-filter-list""']",True
2287,34,0,0,[],False
2288,15,0,0,[],False
2289,1,0,0,[],False
2290,2,0,0,[],False
2291,9,0,0,[],False
2292,14,0,0,[],False
2293,9,0,0,[],False
2294,35,0,0,[],False
2295,1,0,0,[],False
2296,3,0,0,[],False
2297,1,0,0,[],False
2298,1,0,0,[],False
2299,6,0,0,[],False
2300,3,0,0,[],False
2301,1,0,0,[],False
2302,1,0,0,[],False
2303,2,0,0,[],False
2304,4,0,0,[],False
2305,36,0,0,[],False
2306,11,1,0,[],False
2307,10,0,0,[],False
2308,1,0,0,[],False
2309,1,0,0,[],False
2310,17,0,0,[],False
2311,238,0,0,[],False
2312,239,0,0,[],False
2313,240,0,0,[],False
2314,7,1,0,[],False
2315,241,0,0,[],False
2316,242,0,0,[],False
2317,31,0,0,[],False
2318,1,0,0,[],False
2319,1,0,0,[],False
2320,10,0,0,[],False
2321,1,0,0,[],False
2322,2,0,0,[],False
2323,7,0,0,[],False
2324,1,0,0,[],False
2325,1,0,0,[],False
2326,1,0,0,[],False
2327,1,0,0,[],False
2328,1,0,0,[],False
2329,8,0,0,[],False
2330,5,0,0,[],False
2331,1,0,0,[],False
2332,1,0,0,[],False
2333,1,0,0,[],False
2334,1,0,0,[],False
2335,1,0,0,[],False
2336,1,0,0,[],False
2337,1,0,0,[],False
2338,1,0,0,[],False
2339,1,0,0,[],False
2340,1,0,0,[],False
2341,1,0,0,[],False
2342,1,0,0,[],False
2343,1,0,0,[],False
2344,1,0,0,[],False
2345,1,0,0,[],False
2346,2,0,0,[],False
2347,2,0,0,[],False
2348,2,0,0,[],False
2349,1,0,0,[],False
2350,6,1,0,"['osint:certainty=""50""', 'tlp:white', 'osint:lifetime=""perpetual""', 'type:OSINT']",True
2351,1,0,0,[],False
2352,9,0,0,[],False
2353,16,2,2,"['osint:source-type=""block-or-filter-list""']",True
2354,15,0,0,[],False
2355,11,0,0,[],False
2356,243,0,0,[],False
2357,244,0,0,[],False
2358,245,0,0,[],False
2359,246,0,0,[],False
2360,37,0,0,[],False
2361,38,0,0,[],False
2362,16,0,0,[],False
2363,17,2,2,"['osint:source-type=""block-or-filter-list""']",True
2364,1,0,0,[],False
2365,1,0,0,[],False
2366,6,0,0,[],False
2367,1,0,0,[],False
2368,7,0,0,[],False
2369,2,0,0,[],False
2370,1,0,0,[],False
2371,2,0,0,[],False
2372,3,0,0,[],False
2373,32,0,0,[],False
2374,12,0,0,[],False
2375,16,0,0,[],False
2376,17,0,0,[],False
2377,1,0,0,[],False
2378,1,0,0,[],False
2379,1,0,0,[],False
2380,1,0,0,[],False
2381,247,0,0,[],False
2382,248,0,0,[],False
2383,249,0,0,[],False
2384,13,0,0,[],False
2385,39,0,0,[],False
2386,33,0,0,[],False
2387,9,0,0,[],False
2388,1,0,0,[],False
2389,13,0,0,[],False
2390,14,0,0,[],False
2391,250,0,0,[],False
2392,251,0,0,[],False
2393,252,0,0,[],False
2394,5,2,0,"['tlp:white', 'type:OSINT']",True
2395,253,0,0,[],False
2396,254,0,0,[],False
2397,255,0,0,[],False
2398,256,0,0,[],False
2399,257,0,0,[],False
2400,258,0,0,[],False
2401,4,1,0,"['type:OSINT', 'tlp:white', 'misp-galaxy:rat=""Netwire""', 'osint:lifetime=""perpetual""', 'osint:certainty=""50""']",True
2402,6,0,0,[],False
2403,40,0,0,[],False
2404,17,0,0,[],False
2405,18,2,2,"['osint:source-type=""block-or-filter-list""']",True
2406,4,1,0,"['attack-pattern:name=""password brute forcing""', 'ms-caro-malware-full:malware-platform=""Linux""', 'circl:incident-classification=""malware""', 'tlp:white', 'maec-malware-capabilities:maec-malware-capability=""machine-access-control""', 'malware_classification:malware-category=""Botnet""', 'workflow:state=""ongoing""']",True
2407,11,0,0,[],False
2408,10,0,0,[],False
2409,12,1,0,[],False
2410,9,0,0,[],False
2411,34,0,0,[],False
2412,41,0,0,[],False
2413,18,0,0,[],False
2414,14,0,0,[],False
2415,42,0,0,[],False
2416,15,0,0,[],False
2417,35,0,0,[],False
2418,10,0,0,[],False
2419,10,0,0,[],False
2420,1,0,0,[],False
2421,4,0,0,[],False
2422,36,0,0,[],False
2423,5,0,0,[],False
2424,15,0,0,[],False
2425,2,0,0,[],False
2426,1,0,0,[],False
2427,1,0,0,[],False
2428,2,0,0,[],False
2429,3,0,0,[],False
2430,3,0,0,[],False
2431,1,0,0,[],False
2432,1,0,0,[],False
2433,1,0,0,[],False
2434,18,0,0,[],False
2435,19,0,0,[],False
2436,9,0,0,[],False
2437,10,0,0,[],False
2438,1,0,0,[],False
2439,6,0,0,[],False
2440,8,0,0,[],False
2441,2,0,0,[],False
2442,2,0,0,[],False
2443,6,0,0,[],False
2444,2,0,0,[],False
2445,11,0,0,[],False
2446,4,0,0,[],False
2447,6,0,0,[],False
2448,4,0,0,[],False
2449,5,0,0,[],False
2450,5,0,0,[],False
2451,2,0,0,[],False
2452,6,0,0,[],False
2453,3,0,0,[],False
2454,12,0,0,[],False
2455,259,0,0,[],False
2456,260,0,0,[],False
2457,261,0,0,[],False
2458,262,0,0,[],False
2459,8,1,0,[],False
2460,263,0,0,[],False
2461,1,0,0,[],False
2462,1,0,0,[],False
2463,43,0,0,[],False
2464,12,0,0,[],False
2465,2,0,0,[],False
2466,18,0,0,[],False
2467,20,0,0,[],False
2468,21,0,0,[],False
2469,19,2,2,"['osint:source-type=""block-or-filter-list""']",True
2470,19,0,0,[],False
2471,13,1,0,[],False
2472,37,0,0,[],False
2473,4,0,0,[],False
2474,3,0,0,[],False
2475,11,0,0,[],False
2476,44,0,0,[],False
2477,22,0,0,[],False
2478,38,0,0,[],False
2479,3,0,0,[],False
2480,9,0,0,[],False
2481,7,0,0,[],False
2482,45,0,0,[],False
2483,1,0,0,[],False
2484,20,2,2,"['osint:source-type=""block-or-filter-list""']",True
2485,264,0,0,[],False
2486,13,0,0,[],False
2487,23,0,0,[],False
2488,1,0,0,[],False
2489,5,0,0,[],False
2490,7,0,0,[],False
2491,3,0,0,[],False
2492,2,0,0,[],False
2493,1,0,0,[],False
2494,16,0,0,[],False
2495,1,0,0,[],False
2496,2,0,0,[],False
2497,3,0,0,[],False
2498,1,0,0,[],False
2499,3,0,0,[],False
2500,3,0,0,[],False
2501,265,0,0,[],False
2502,46,0,0,[],False
2503,2,0,0,[],False
2504,4,0,0,[],False
2505,2,0,0,[],False
2506,1,0,0,[],False
2507,4,0,0,[],False
2508,1,0,0,[],False
2509,266,0,0,[],False
2510,47,0,0,[],False
2511,1,0,0,[],False
2512,1,0,0,[],False
2513,5,0,0,[],False
2514,4,0,0,[],False
2515,1,0,0,[],False
2516,5,0,0,[],False
2517,267,0,0,[],False
2518,21,2,2,"['osint:source-type=""block-or-filter-list""']",True
2519,3,0,0,[],False
2520,1,0,0,[],False
2521,3,0,0,[],False
2522,1,0,0,[],False
2523,5,0,0,[],False
2524,268,0,0,[],False
2525,1,0,0,[],False
2526,1,0,0,[],False
2527,1,0,0,[],False
2528,7,1,0,[],False
2529,1,0,0,[],False
2530,39,0,0,[],False
2531,1,0,0,[],False
2532,3,0,0,[],False
2533,24,0,0,[],False
2534,17,0,0,[],False
2535,19,0,0,[],False
2536,20,0,0,[],False
2537,48,0,0,[],False
2538,18,0,0,[],False
2539,25,0,0,[],False
2540,1,0,0,[],False
2541,11,0,0,[],False
2542,26,0,0,[],False
2543,6,2,0,"['tlp:white', 'type:OSINT']",True
2544,16,0,0,[],False
2545,17,0,0,[],False
2546,40,0,0,[],False
2547,8,0,0,[],False
2548,269,0,0,[],False
2549,270,0,0,[],False
2550,271,0,0,[],False
2551,4,0,0,[],False
2552,272,0,0,[],False
2553,273,0,0,[],False
2554,274,0,0,[],False
2555,27,0,0,[],False
2556,28,0,0,[],False
2557,275,0,0,[],False
2558,5,1,0,"['type:OSINT', 'tlp:white', 'misp-galaxy:rat=""Netwire""', 'osint:lifetime=""perpetual""', 'osint:certainty=""50""']",True
2559,276,0,0,[],False
2560,277,0,0,[],False
2561,278,0,0,[],False
2562,279,0,0,[],False
2563,280,0,0,[],False
2564,1,0,0,[],False
2565,6,0,0,[],False
2566,14,1,0,[],False
2567,20,0,0,[],False
2568,13,0,0,[],False
2569,5,1,0,"['attack-pattern:name=""password brute forcing""', 'ms-caro-malware-full:malware-platform=""Linux""', 'circl:incident-classification=""malware""', 'tlp:white', 'maec-malware-capabilities:maec-malware-capability=""machine-access-control""', 'malware_classification:malware-category=""Botnet""', 'workflow:state=""ongoing""']",True
2570,7,0,0,[],False
2571,12,0,0,[],False
2572,14,0,0,[],False
2573,3,0,0,[],False
2574,41,0,0,[],False
2575,281,0,0,[],False
2576,19,0,0,[],False
2577,29,0,0,[],False
2578,18,0,0,[],False
2579,30,0,0,[],False
2580,49,0,0,[],False
2581,20,0,0,[],False
2582,21,0,0,[],False
2583,12,0,0,[],False
2584,21,0,0,[],False
2585,31,0,0,[],False
2586,1,0,0,[],False
2587,3,0,0,[],False
2588,1,0,0,[],False
2589,42,0,0,[],False
2590,9,0,0,[],False
2591,32,0,0,[],False
2592,1,0,0,[],False
2593,33,0,0,[],False
2594,4,0,0,[],False
2595,4,0,0,[],False
2596,8,0,0,[],False
2597,1,0,0,[],False
2598,1,0,0,[],False
2599,1,0,0,[],False
2600,1,0,0,[],False
2601,10,0,0,[],False
2602,5,0,0,[],False
2603,6,0,0,[],False
2604,34,0,0,[],False
2605,282,0,0,[],False
2606,11,0,0,[],False
2607,15,1,0,[],False
2608,50,0,0,[],False
2609,283,0,0,[],False
2610,284,0,0,[],False
2611,13,0,0,[],False
2612,9,0,0,[],False
2613,9,1,0,[],False
2614,285,0,0,[],False
2615,2,0,0,[],False
2616,22,2,2,"['osint:source-type=""block-or-filter-list""']",True
2617,1,0,0,[],False
2618,286,0,0,[],False
2619,43,0,0,[],False
2620,23,2,2,"['osint:source-type=""block-or-filter-list""']",True
2621,21,0,0,[],False
2622,1,0,0,[],False
2623,51,0,0,[],False
2624,4,0,0,[],False
2625,19,0,0,[],False
2626,4,0,0,[],False
2627,1,0,0,[],False
2628,22,0,0,[],False
2629,1,0,0,[],False
2630,20,0,0,[],False
2631,287,0,0,[],False
2632,7,2,0,"['tlp:white', 'type:OSINT']",True
2633,13,0,0,[],False
2634,52,0,0,[],False
2635,14,0,0,[],False
2636,53,0,0,[],False
2637,288,0,0,[],False
2638,6,0,0,[],False
2639,44,0,0,[],False
2640,1,0,0,[],False
2641,5,0,0,[],False
2642,45,0,0,[],False
2643,6,1,0,"['type:OSINT', 'tlp:white', 'misp-galaxy:rat=""Netwire""', 'osint:lifetime=""perpetual""', 'osint:certainty=""50""']",True
2644,289,0,0,[],False
2645,6,1,0,"['attack-pattern:name=""password brute forcing""', 'ms-caro-malware-full:malware-platform=""Linux""', 'circl:incident-classification=""malware""', 'tlp:white', 'maec-malware-capabilities:maec-malware-capability=""machine-access-control""', 'malware_classification:malware-category=""Botnet""', 'workflow:state=""ongoing""']",True
2646,290,0,0,[],False
2647,291,0,0,[],False
2648,292,0,0,[],False
2649,293,0,0,[],False
2650,294,0,0,[],False
2651,295,0,0,[],False
2652,22,0,0,[],False
2653,23,0,0,[],False
2654,6,0,0,[],False
2655,23,0,0,[],False
2656,22,0,0,[],False
2657,8,1,0,[],False
2658,1,0,0,[],False
2659,1,0,0,[],False
2660,296,0,0,[],False
2661,24,0,0,[],False
2662,1,0,0,[],False
2663,297,0,0,[],False
2664,54,0,0,[],False
2665,14,0,0,[],False
2666,298,0,0,[],False
2667,299,0,0,[],False
2668,8,0,0,[],False
2669,1,0,0,[],False
2670,300,0,0,[],False
2671,301,0,0,[],False
2672,302,0,0,[],False
2673,11,0,0,[],False
2674,15,0,0,[],False
2675,46,0,0,[],False
2676,16,1,0,[],False
2677,24,2,2,"['osint:source-type=""block-or-filter-list""']",True
2678,11,0,0,[],False
2679,47,0,0,[],False
2680,55,0,0,[],False
2681,7,0,0,[],False
2682,21,0,0,[],False
2683,56,0,0,[],False
2684,23,0,0,[],False
2685,48,0,0,[],False
2686,9,0,0,[],False
2687,14,0,0,[],False
2688,4,0,0,[],False
2689,4,0,0,[],False
2690,1,0,0,[],False
2691,1,0,0,[],False
2692,12,0,0,[],False
2693,5,0,0,[],False
2694,3,0,0,[],False
2695,303,0,0,[],False
2696,304,0,0,[],False
2697,305,0,0,[],False
2698,306,0,0,[],False
2699,307,0,0,[],False
2700,308,0,0,[],False
2701,1,0,0,[],False
2702,35,0,0,[],False
2703,36,0,0,[],False
2704,1,0,0,[],False
2705,2,0,0,[],False
2706,2,0,0,[],False
2707,1,0,0,[],False
2708,1,0,0,[],False
2709,1,0,0,[],False
2710,1,0,0,[],False
2711,1,0,0,[],False
2712,1,0,0,[],False
2713,1,0,0,[],False
2714,1,0,0,[],False
2715,1,0,0,[],False
2716,1,0,0,[],False
2717,1,0,0,[],False
2718,1,0,0,[],False
2719,1,0,0,[],False
2720,1,0,0,[],False
2721,1,0,0,[],False
2722,1,0,0,[],False
2723,1,0,0,[],False
2724,1,0,0,[],False
2725,1,0,0,[],False
2726,1,0,0,[],False
2727,1,0,0,[],False
2728,1,0,0,[],False
2729,1,0,0,[],False
2730,1,0,0,[],False
2731,1,0,0,[],False
2732,1,0,0,[],False
2733,1,0,0,[],False
2734,15,0,0,[],False
2735,10,0,0,[],False
2736,12,0,0,[],False
2737,309,0,0,[],False
2738,310,0,0,[],False
2739,311,0,0,[],False
2740,10,1,0,[],False
2741,312,0,0,[],False
2742,313,0,0,[],False
2743,4,0,0,[],False
2744,57,0,0,[],False
2745,17,1,0,[],False
2746,16,0,0,[],False
2747,49,0,0,[],False
2748,2,0,0,[],False
2749,2,0,0,[],False
2750,314,0,0,[],False
2751,315,0,0,[],False
2752,316,0,0,[],False
2753,25,2,2,"['osint:source-type=""block-or-filter-list""']",True
2754,24,0,0,[],False
2755,25,0,0,[],False
2756,1,0,0,[],False
2757,1,0,0,[],False
2758,1,0,0,[],False
2759,1,0,0,[],False
2760,1,0,0,[],False
2761,1,0,0,[],False
2762,1,0,0,[],False
2763,1,0,0,[],False
2764,2,0,0,[],False
2765,1,0,0,[],False
2766,1,0,0,[],False
2767,1,0,0,[],False
2768,8,0,0,[],False
2769,58,0,0,[],False
2770,59,0,0,[],False
2771,26,2,2,"['osint:source-type=""block-or-filter-list""']",True
2772,1,0,0,[],False
2773,1,0,0,[],False
2774,1,0,0,[],False
2775,1,0,0,[],False
2776,1,0,0,[],False
2777,1,0,0,[],False
2778,2,0,0,[],False
2779,2,0,0,[],False
2780,1,0,0,[],False
2781,1,0,0,[],False
2782,2,0,0,[],False
2783,3,0,0,[],False
2784,2,0,0,[],False
2785,1,0,0,[],False
2786,1,0,0,[],False
2787,1,0,0,[],False
2788,2,0,0,[],False
2789,2,0,0,[],False
2790,2,0,0,[],False
2791,2,0,0,[],False
2792,1,0,0,[],False
2793,2,0,0,[],False
2794,2,0,0,[],False
2795,1,0,0,[],False
2796,2,0,0,[],False
2797,1,0,0,[],False
2798,1,0,0,[],False
2799,2,0,0,[],False
2800,2,0,0,[],False
2801,2,0,0,[],False
2802,2,0,0,[],False
2803,1,0,0,[],False
2804,1,0,0,[],False
2805,2,0,0,[],False
2806,1,0,0,[],False
2807,1,0,0,[],False
2808,1,0,0,[],False
2809,1,0,0,[],False
2810,2,0,0,[],False
2811,2,0,0,[],False
2812,2,0,0,[],False
2813,2,0,0,[],False
2814,2,0,0,[],False
2815,50,0,0,[],False
2816,1,0,0,[],False
2817,9,0,0,[],False
2818,317,0,0,[],False
2819,2,0,0,[],False
2820,1,0,0,[],False
2821,25,0,0,[],False
2822,318,0,0,[],False
2823,3,0,0,[],False
2824,9,1,0,[],False
2825,1,0,0,[],False
2826,319,0,0,[],False
2827,2,0,0,[],False
2828,1,0,0,[],False
2829,1,0,0,[],False
2830,320,0,0,[],False
2831,2,0,0,[],False
2832,2,0,0,[],False
2833,26,0,0,[],False
2834,37,0,0,[],False
2835,7,0,0,[],False
2836,17,0,0,[],False
2837,60,0,0,[],False
2838,2,0,0,[],False
2839,15,0,0,[],False
2840,1,0,0,[],False
2841,8,2,0,"['tlp:white', 'type:OSINT']",True
2842,1,0,0,[],False
2843,7,0,0,[],False
2844,22,0,0,[],False
2845,7,0,0,[],False
2846,23,0,0,[],False
2847,2,0,0,[],False
2848,51,0,0,[],False
2849,38,0,0,[],False
2850,39,0,0,[],False
2851,7,1,0,[],False
2852,1,0,0,[],False
2853,7,1,0,[],False
2854,321,0,0,[],False
2855,322,0,0,[],False
2856,323,0,0,[],False
2857,324,0,0,[],False
2858,325,0,0,[],False
2859,326,0,0,[],False
2860,327,0,0,[],False
2861,328,0,0,[],False
2862,329,0,0,[],False
2863,330,0,0,[],False
2864,331,0,0,[],False
2865,332,0,0,[],False
2866,333,0,0,[],False
2867,334,0,0,[],False
2868,1,0,0,[],False
2869,335,0,0,[],False
2870,336,0,0,[],False
2871,337,0,0,[],False
2872,338,0,0,[],False
2873,339,0,0,[],False
2874,340,0,0,[],False
2875,341,0,0,[],False
2876,342,0,0,[],False
2877,343,0,0,[],False
2878,344,0,0,[],False
2879,345,0,0,[],False
2880,346,0,0,[],False
2881,347,0,0,[],False
2882,348,0,0,[],False
2883,349,0,0,[],False
2884,350,0,0,[],False
2885,351,0,0,[],False
2886,352,0,0,[],False
2887,353,0,0,[],False
2888,354,0,0,[],False
2889,355,0,0,[],False
2890,356,0,0,[],False
2891,357,0,0,[],False
2892,61,0,0,[],False
2893,18,1,0,[],False
2894,17,0,0,[],False
2895,52,0,0,[],False
2896,3,0,0,[],False
2897,26,0,0,[],False
2898,27,2,2,[],False
2899,358,0,0,[],False
2900,359,0,0,[],False
2901,360,0,0,[],False
2902,361,0,0,[],False
2903,362,0,0,[],False
2904,363,0,0,[],False
2905,364,0,0,[],False
2906,365,0,0,[],False
2907,366,0,0,[],False
2908,367,0,0,[],False
2909,368,0,0,[],False
2910,369,0,0,[],False
2911,370,0,0,[],False
2913,371,0,0,[],False
2914,62,0,0,[],False
2915,10,0,0,[],False
2916,1,0,0,[],False
2918,372,0,0,[],False
2919,373,0,0,[],False
2920,374,0,0,[],False
2921,375,0,0,[],False
2922,376,0,0,[],False
2923,377,0,0,[],False
2924,378,0,0,[],False
2925,379,0,0,[],False
2926,380,0,0,[],False
2927,381,0,0,[],False
2928,382,0,0,[],False
2929,383,0,0,[],False
2930,384,0,0,[],False
2931,385,0,0,[],False
2932,386,0,0,[],False
2933,387,0,0,[],False
2934,388,0,0,[],False
2935,389,0,0,[],False
2936,390,0,0,[],False
2937,391,0,0,[],False
2938,392,0,0,[],False
2939,393,0,0,[],False
2940,394,0,0,[],False
2941,395,0,0,[],False
2942,396,0,0,[],False
2943,397,0,0,[],False
2944,398,0,0,[],False
2945,399,0,0,[],False
2946,400,0,0,[],False
2947,401,0,0,[],False
2948,402,0,0,[],False
2949,11,0,0,[],False
2950,403,0,0,[],False
2951,404,0,0,[],False
2952,405,0,0,[],False
2953,406,0,0,[],False
2955,407,0,0,[],False
2956,408,0,0,[],False
2957,409,0,0,[],False
2958,410,0,0,[],False
2959,411,0,0,[],False
2960,412,0,0,[],False
2961,413,0,0,[],False
2962,414,0,0,[],False
2963,415,0,0,[],False
2964,416,0,0,[],False
2965,417,0,0,[],False
2966,418,0,0,[],False
2967,53,0,0,[],False
2968,27,0,0,[],False
2969,63,0,0,[],False
2970,16,0,0,[],False
2971,24,0,0,[],False
2972,8,0,0,[],False
2973,54,0,0,[],False
2974,1,0,0,[],False
2975,40,0,0,[],False
2976,1,0,0,[],False
2977,1,0,0,[],False
2978,2,0,0,[],False
2979,2,0,0,[],False
2980,13,0,0,[],False
2981,16,0,0,[],False
2982,3,0,0,[],False
2983,3,0,0,[],False
2984,11,0,0,[],False
2985,1,0,0,[],False
2986,1,0,0,[],False
2987,4,0,0,[],False
2988,12,0,0,[],False
2989,2,0,0,[],False
2990,3,0,0,[],False
2991,1,0,0,[],False
2992,1,0,0,[],False
2993,10,0,0,[],False
2994,2,0,0,[],False
2995,5,0,0,[],False
2996,5,0,0,[],False
2997,419,0,0,[],False
2998,420,0,0,[],False
2999,5,0,0,[],False
3000,2,0,0,[],False
3001,4,0,0,[],False
3002,17,0,0,[],False
3003,3,0,0,[],False
3004,2,0,0,[],False
3005,9,0,0,[],False
3006,64,0,0,[],False
3007,421,0,0,[],False
3009,11,1,0,[],False
3010,6,0,0,[],False
3011,4,0,0,[],False
3012,4,0,0,[],False
3013,5,0,0,[],False
3014,19,1,0,[],False
3015,55,0,0,[],False
3016,4,0,0,[],False
3017,4,0,0,[],False
3018,422,0,0,[],False
3019,13,0,0,[],False
3020,423,0,0,[],False
3021,28,2,2,[],False
3022,3,0,0,[],False
3023,2,0,0,[],False
3024,6,0,0,[],False
3025,3,0,0,[],False
3026,6,0,0,[],False
3027,6,0,0,[],False
3028,1,0,0,[],False
3029,9,0,0,[],False
3030,3,0,0,[],False
3031,65,0,0,[],False
3032,11,0,0,[],False
3033,7,0,0,[],False
3034,18,0,0,[],False
3035,14,0,0,[],False
3036,12,0,0,[],False
